{
  "dev-dev-e": {
    "x": 347,
    "y": 88,
    "z": -1170,
    "connected": {
      "dev-dev-p03": 14,
      "dev-e": 137.09121051329294
    }
  },
  "dev-dev-p01": {
    "x": 347,
    "y": 71,
    "z": -1172,
    "connected": {
      "dev-dev": 3,
      "dev-dev-p02": 3
    }
  },
  "dev-dev-p02": {
    "x": 347,
    "y": 74,
    "z": -1172,
    "connected": {
      "dev-dev-p01": 3,
      "dev-dev-p03": 2
    }
  },
  "dev-dev-p03": {
    "x": 347,
    "y": 74,
    "z": -1170,
    "connected": {
      "dev-dev-p02": 2,
      "dev-dev-e": 14
    }
  },
  "dev-dev": {
    "x": 347,
    "y": 71,
    "z": -1169,
    "connected": {
      "dev-dev-p01": 3
    }
  },
  "dev-e": {
    "x": 426,
    "y": 200,
    "z": -1167,
    "connected": {
      "watame-e": 1122.198734627695,
      "dev-dev-e": 137.09121051329294
    }
  },
  "watame-e": {
    "x": -673,
    "y": 200,
    "z": -940,
    "connected": {
      "watame-r15": 134.1193498343919,
      "watame-r10": 131.60547101089682,
      "dev-e": 1122.198734627695
    }
  },
  "watame-r01": {
    "x": -789,
    "y": 66,
    "z": -1060,
    "connected": {
      "watame-r02": 27.018512172212592,
      "watame-r23": 15,
      "watame-r25": 19.026297590440446
    }
  },
  "watame-r02": {
    "x": -788,
    "y": 66,
    "z": -1033,
    "connected": {
      "watame-r01": 27.018512172212592,
      "watame-r03": 24.020824298928627
    }
  },
  "watame-r03": {
    "x": -789,
    "y": 66,
    "z": -1009,
    "connected": {
      "watame-r02": 24.020824298928627,
      "watame-r04": 26.30589287593181,
      "watame-r28": 14.071247279470288
    }
  },
  "watame-r04": {
    "x": -789,
    "y": 70,
    "z": -983,
    "connected": {
      "watame-r03": 26.30589287593181,
      "watame-r05": 19.026297590440446
    }
  },
  "watame-r05": {
    "x": -789,
    "y": 69,
    "z": -964,
    "connected": {
      "watame-r04": 19.026297590440446,
      "watame-r06": 14
    }
  },
  "watame-r06": {
    "x": -775,
    "y": 69,
    "z": -964,
    "connected": {
      "watame-r05": 14,
      "watame-r07": 11
    }
  },
  "watame-r07": {
    "x": -775,
    "y": 69,
    "z": -953,
    "connected": {
      "watame-r06": 11,
      "watame-r08": 24.08318915758459
    }
  },
  "watame-r08": {
    "x": -751,
    "y": 71,
    "z": -953,
    "connected": {
      "watame-r07": 24.08318915758459,
      "watame-r09": 13,
      "watame-r11": 24.08318915758459
    }
  },
  "watame-r09": {
    "x": -751,
    "y": 71,
    "z": -940,
    "connected": {
      "watame-r08": 13,
      "watame-r10": 40.11234224026316
    }
  },
  "watame-r10": {
    "x": -711,
    "y": 74,
    "z": -940,
    "connected": {
      "watame-r09": 40.11234224026316,
      "watame-e": 131.60547101089682
    }
  },
  "watame-r11": {
    "x": -751,
    "y": 69,
    "z": -977,
    "connected": {
      "watame-r08": 24.08318915758459,
      "watame-r12": 24.1039415863879
    }
  },
  "watame-r12": {
    "x": -727,
    "y": 71,
    "z": -978,
    "connected": {
      "watame-r11": 24.1039415863879,
      "watame-r13": 21.02379604162864
    }
  },
  "watame-r13": {
    "x": -727,
    "y": 70,
    "z": -999,
    "connected": {
      "watame-r12": 21.02379604162864,
      "watame-r14": 56.0357029044876,
      "watame-r16": 8.94427190999916
    }
  },
  "watame-r14": {
    "x": -671,
    "y": 72,
    "z": -999,
    "connected": {
      "watame-r13": 56.0357029044876,
      "watame-r15": 19
    }
  },
  "watame-r15": {
    "x": -671,
    "y": 72,
    "z": -980,
    "connected": {
      "watame-r14": 19,
      "watame-e": 134.1193498343919
    }
  },
  "watame-r16": {
    "x": -727,
    "y": 66,
    "z": -1007,
    "connected": {
      "watame-r13": 8.94427190999916,
      "watame-r17": 34
    }
  },
  "watame-r17": {
    "x": -727,
    "y": 66,
    "z": -1041,
    "connected": {
      "watame-r16": 34,
      "watame-r18": 8
    }
  },
  "watame-r18": {
    "x": -735,
    "y": 66,
    "z": -1041,
    "connected": {
      "watame-r17": 8,
      "watame-r19": 18.027756377319946
    }
  },
  "watame-r19": {
    "x": -736,
    "y": 66,
    "z": -1059,
    "connected": {
      "watame-r18": 18.027756377319946,
      "watame-r20": 34.828149534535996,
      "watame-r27": 21.047565179849187
    }
  },
  "watame-r20": {
    "x": -763,
    "y": 66,
    "z": -1081,
    "connected": {
      "watame-r19": 34.828149534535996,
      "watame-r21": 12.165525060596439
    }
  },
  "watame-r21": {
    "x": -775,
    "y": 66,
    "z": -1079,
    "connected": {
      "watame-r20": 12.165525060596439,
      "watame-r22": 5
    }
  },
  "watame-r22": {
    "x": -778,
    "y": 66,
    "z": -1075,
    "connected": {
      "watame-r21": 5,
      "watame-r23": 11
    }
  },
  "watame-r23": {
    "x": -789,
    "y": 66,
    "z": -1075,
    "connected": {
      "watame-r22": 11,
      "watame-r01": 15
    }
  },
  "watame-r24": {
    "x": -763,
    "y": 67,
    "z": -1067,
    "connected": {
      "watame-r27": 9.219544457292887,
      "watame-r25": 9.899494936611665
    }
  },
  "watame-r25": {
    "x": -770,
    "y": 67,
    "z": -1060,
    "connected": {
      "watame-r01": 19.026297590440446,
      "watame-r26": 9.219544457292887,
      "watame-r24": 9.899494936611665
    }
  },
  "watame-r26": {
    "x": -763,
    "y": 67,
    "z": -1054,
    "connected": {
      "watame-r25": 9.219544457292887,
      "watame-r27": 8.48528137423857
    }
  },
  "watame-r27": {
    "x": -757,
    "y": 67,
    "z": -1060,
    "connected": {
      "watame-r26": 8.48528137423857,
      "watame-r19": 21.047565179849187,
      "watame-r24": 9.219544457292887
    }
  },
  "watame-r28": {
    "x": -803,
    "y": 65,
    "z": -1010,
    "connected": {
      "watame-r03": 14.071247279470288,
      "watame-r29": 7.0710678118654755
    }
  },
  "watame-r29": {
    "x": -803,
    "y": 64,
    "z": -1003,
    "connected": {
      "watame-r28": 7.0710678118654755
    }
  }
}