{
  "rimuru-dev-e": {
    "x": 347,
    "y": 88,
    "z": -1170,
    "connected": {
      "rimuru-dev-p03": 14,
      "rimuru-02": 137.09121051329294,
      "rimuru-e01": 141.74977954127476,
      "rimuru-r08": 23.53720459187964,
      "rimuru-r02": 23.345235059857504
    }
  },
  "rimuru-dev-p01": {
    "x": 347,
    "y": 71,
    "z": -1172,
    "connected": {
      "rimuru-dev": 3,
      "rimuru-dev-p02": 3
    }
  },
  "rimuru-dev-p02": {
    "x": 347,
    "y": 74,
    "z": -1172,
    "connected": {
      "rimuru-dev-p01": 3,
      "rimuru-dev-p03": 2
    }
  },
  "rimuru-dev-p03": {
    "x": 347,
    "y": 74,
    "z": -1170,
    "connected": {
      "rimuru-dev-p02": 2,
      "rimuru-dev-e": 14
    }
  },
  "rimuru-dev": {
    "x": 347,
    "y": 71,
    "z": -1169,
    "connected": {
      "rimuru-dev-p01": 3
    }
  },
  "rimuru-02": {
    "x": 426,
    "y": 200,
    "z": -1167,
    "connected": {
      "rimuru-dev-e": 137.09121051329294,
      "rimuru-e01": 161.2792609110049,
      "peko-e": 565.4741373396312
    }
  },
  "watame-e": {
    "x": -626,
    "y": 200,
    "z": -884,
    "connected": {
      "watame-r32": 131.5066538240556,
      "rimuru-e01": 932.1834583385397,
      "peko-e": 1335.5837674964457
    }
  },
  "watame-r01": {
    "x": -789,
    "y": 66,
    "z": -1060,
    "connected": {
      "watame-r02": 27.018512172212592,
      "watame-r23": 15,
      "watame-r25": 19.026297590440446
    }
  },
  "watame-r02": {
    "x": -788,
    "y": 66,
    "z": -1033,
    "connected": {
      "watame-r01": 27.018512172212592,
      "watame-r03": 24.020824298928627
    }
  },
  "watame-r03": {
    "x": -789,
    "y": 66,
    "z": -1009,
    "connected": {
      "watame-r02": 24.020824298928627,
      "watame-r04": 26.30589287593181,
      "watame-r28": 14.071247279470288
    }
  },
  "watame-r04": {
    "x": -789,
    "y": 70,
    "z": -983,
    "connected": {
      "watame-r03": 26.30589287593181,
      "watame-r05": 19.026297590440446
    }
  },
  "watame-r05": {
    "x": -789,
    "y": 69,
    "z": -964,
    "connected": {
      "watame-r04": 19.026297590440446,
      "watame-r06": 14
    }
  },
  "watame-r06": {
    "x": -775,
    "y": 69,
    "z": -964,
    "connected": {
      "watame-r05": 14,
      "watame-r07": 11
    }
  },
  "watame-r07": {
    "x": -775,
    "y": 69,
    "z": -953,
    "connected": {
      "watame-r06": 11,
      "watame-r08": 24.08318915758459
    }
  },
  "watame-r08": {
    "x": -751,
    "y": 71,
    "z": -953,
    "connected": {
      "watame-r07": 24.08318915758459,
      "watame-r09": 13,
      "watame-r11": 24.08318915758459,
      "watame-hira-m": 4.69041575982343
    }
  },
  "watame-r09": {
    "x": -751,
    "y": 71,
    "z": -940,
    "connected": {
      "watame-r08": 13,
      "watame-r10": 40.11234224026316
    }
  },
  "watame-r10": {
    "x": -711,
    "y": 74,
    "z": -940,
    "connected": {
      "watame-r09": 40.11234224026316,
      "watame-r30": 40.01249804748511
    }
  },
  "watame-r11": {
    "x": -751,
    "y": 69,
    "z": -977,
    "connected": {
      "watame-r08": 24.08318915758459,
      "watame-r12": 24.1039415863879
    }
  },
  "watame-r12": {
    "x": -727,
    "y": 71,
    "z": -978,
    "connected": {
      "watame-r11": 24.1039415863879,
      "watame-r13": 21.02379604162864
    }
  },
  "watame-r13": {
    "x": -727,
    "y": 70,
    "z": -999,
    "connected": {
      "watame-r12": 21.02379604162864,
      "watame-r14": 56.0357029044876,
      "watame-r16": 8.94427190999916
    }
  },
  "watame-r14": {
    "x": -671,
    "y": 72,
    "z": -999,
    "connected": {
      "watame-r13": 56.0357029044876,
      "watame-r30": 59.00847396772772
    }
  },
  "watame-r16": {
    "x": -727,
    "y": 66,
    "z": -1007,
    "connected": {
      "watame-r13": 8.94427190999916,
      "watame-r17": 34
    }
  },
  "watame-r17": {
    "x": -727,
    "y": 66,
    "z": -1041,
    "connected": {
      "watame-r16": 34,
      "watame-r18": 8
    }
  },
  "watame-r18": {
    "x": -735,
    "y": 66,
    "z": -1041,
    "connected": {
      "watame-r17": 8,
      "watame-r19": 18.027756377319946
    }
  },
  "watame-r19": {
    "x": -736,
    "y": 66,
    "z": -1059,
    "connected": {
      "watame-r18": 18.027756377319946,
      "watame-r20": 34.828149534535996,
      "watame-r27": 21.047565179849187
    }
  },
  "watame-r20": {
    "x": -763,
    "y": 66,
    "z": -1081,
    "connected": {
      "watame-r19": 34.828149534535996,
      "watame-r21": 12.165525060596439,
      "watame-r24": 14.035668847618199
    }
  },
  "watame-r21": {
    "x": -775,
    "y": 66,
    "z": -1079,
    "connected": {
      "watame-r20": 12.165525060596439,
      "watame-r22": 5
    }
  },
  "watame-r22": {
    "x": -778,
    "y": 66,
    "z": -1075,
    "connected": {
      "watame-r21": 5,
      "watame-r23": 11
    }
  },
  "watame-r23": {
    "x": -789,
    "y": 66,
    "z": -1075,
    "connected": {
      "watame-r22": 11,
      "watame-r01": 15
    }
  },
  "watame-r24": {
    "x": -763,
    "y": 67,
    "z": -1067,
    "connected": {
      "watame-r27": 9.219544457292887,
      "watame-r25": 9.899494936611665,
      "watame-r20": 14.035668847618199
    }
  },
  "watame-r25": {
    "x": -770,
    "y": 67,
    "z": -1060,
    "connected": {
      "watame-r01": 19.026297590440446,
      "watame-r26": 9.219544457292887,
      "watame-r24": 9.899494936611665
    }
  },
  "watame-r26": {
    "x": -763,
    "y": 67,
    "z": -1054,
    "connected": {
      "watame-r25": 9.219544457292887,
      "watame-r27": 8.48528137423857
    }
  },
  "watame-r27": {
    "x": -757,
    "y": 67,
    "z": -1060,
    "connected": {
      "watame-r26": 8.48528137423857,
      "watame-r19": 21.047565179849187,
      "watame-r24": 9.219544457292887
    }
  },
  "watame-r28": {
    "x": -803,
    "y": 65,
    "z": -1010,
    "connected": {
      "watame-r03": 14.071247279470288,
      "watame-r29": 7.0710678118654755
    }
  },
  "watame-r29": {
    "x": -803,
    "y": 64,
    "z": -1003,
    "connected": {
      "watame-r28": 7.0710678118654755,
      "watame-onii-e": 7.280109889280518
    }
  },
  "watame-r30": {
    "x": -671,
    "y": 73,
    "z": -940,
    "connected": {
      "watame-r10": 40.01249804748511,
      "watame-r31": 27.16615541441225,
      "watame-r14": 59.00847396772772
    }
  },
  "watame-r31": {
    "x": -644,
    "y": 70,
    "z": -940,
    "connected": {
      "watame-r32": 27.16615541441225,
      "watame-r30": 27.16615541441225
    }
  },
  "watame-r32": {
    "x": -644,
    "y": 73,
    "z": -907,
    "connected": {
      "watame-e": 131.5066538240556,
      "watame-tco-e": 17.204650534085253,
      "watame-r31": 27.16615541441225
    }
  },
  "watame-tco-c": {
    "x": -646,
    "y": 79,
    "z": -891,
    "connected": {
      "watame-tco-p01": 6,
      "watame-tco-pu01": 5.385164807134504,
      "watame-tco-pu02": 4.123105625617661,
      "watame-tco-pu03": 3.605551275463989,
      "watame-tco-pu04": 4.123105625617661,
      "watame-tco-pu05": 5.385164807134504,
      "watame-tco-dev-p01": 4
    }
  },
  "watame-tco-dev-p01": {
    "x": -642,
    "y": 79,
    "z": -891,
    "connected": {
      "watame-tco-c": 4,
      "watame-tco-dev": 4
    }
  },
  "watame-tco-dev": {
    "x": -642,
    "y": 75,
    "z": -891,
    "connected": {
      "watame-tco-dev-p01": 4
    }
  },
  "watame-tco-e": {
    "x": -652,
    "y": 79,
    "z": -899,
    "connected": {
      "watame-r32": 17.204650534085253,
      "watame-tco-p01": 8
    }
  },
  "watame-tco-p01": {
    "x": -652,
    "y": 79,
    "z": -891,
    "connected": {
      "watame-tco-e": 8,
      "watame-tco-c": 6
    }
  },
  "watame-tco-pu01": {
    "x": -644,
    "y": 76,
    "z": -887,
    "connected": {
      "watame-tco-c": 5.385164807134504
    }
  },
  "watame-tco-pu02": {
    "x": -644,
    "y": 76,
    "z": -889,
    "connected": {
      "watame-tco-c": 4.123105625617661
    }
  },
  "watame-tco-pu03": {
    "x": -644,
    "y": 76,
    "z": -891,